NA,CASSAQGTGDRGYTF,0
NA,CASSLVATGNTGELFF,0
NA,CASSKGTVSGLSG,0
NA,CALKVGADTQYF,0
NA,CASSLWASGRGGTGELFF,0
NA,CASSLLGWEQLDEQFF,0
NA,CASSSGTGVYGYTF,0
NA,CASSPLEWEGVTEAFF,0
NA,CASSFWSSGRGGTDTQYF,0
NA,CASSAGQGASDEQFF,0
NA,CASSFIASGRGGVYEQYF,0
NA,CASSQDTTGWYSPLHF,0
NA,CASSVLPSGSTDTQYF,0
NA,CASSPLEWEGPTEAFF,0
NA,CASSLWKSGQGGVETQYF,0
NA,CASSFPSNTGELFF,0
NA,CASSLAGRQPQHF,0
NA,CASSSIEWEGPGDEQFF,0
NA,CAISESDSYNEQFF,0
NA,CASSWDGGLASNQPQHF,0
NA,CASSLWFSGGGGTDTQYF,0
NA,CASSRSPLDQETQYF,0
NA,CASSQYIGYNEQFF,0
NA,CASSPSQREGSEQYF,0
NA,CASSHVFRQGEDTEAFF,0
NA,CASSQGGRLNTEAFF,0
NA,CASSSWASGRGGQETQYF,0
NA,CASSLDGLTRSSYNSPLHF,0
NA,CASSEGVYEQYF,0
NA,CASSHTRGVPEAFF,0
NA,CASSSWTSGRGGTDADTQYF,0
NA,CASSQDRTTGFEQYF,0
NA,CASSHLAGDGETQYF,0
NA,CASSFRQRPYEQYF,0
NA,CASSWGRDEQFF,0
NA,CASSFRTVSSYEQYF,0
NA,CASSTIPLAGVPGSYNEQFF,0
NA,CASSYSSGQWDEQFF,0
NA,CASSRLEMGQGNSNVAKNIQYF,0
NA,CASRTGGTSYGYTF,0
NA,CASSSAGTAQETQYF,0
NA,CAWVPPQGSGFF,0
NA,CASSSWGSGRGGPTDTQYF,0
NA,CASSLRGRLNTEAFF,0
NA,CASSLGQGYGYTF,0
NA,CSVERRNEQFF,0
NA,CASSFHAPIGLGTEAFF,0
NA,CASSTTGLAGPYEQYF,0
NA,CASSYPTSGREFYEQYF,0
NA,CASRFDTGLNEQFF,0
NA,CASSLTGGPGETQYF,0
NA,CASSLLGSPYEQYF,0
NA,CSVVYAGASQRRTYNEQFF,0
NA,CASSFVGANNEQYF,0
NA,CASSYEVGGMDYGYTF,0
NA,CASTPGLAGAYEQFF,0
NA,CASSLWTSGRGGTDTQYF,0
NA,CASSSSFGGRNTGELFF,0
NA,CASSFRVAGDRGFGTQYF,0
NA,CASSIRRLAGDADTQYF,0
NA,CAWSQGGSTEAFF,0
NA,CASSLLAWEGTDTQYF,0
NA,CASSPWTSGNGGQETQYF,0
NA,CATSSWQGDNEQFF,0
NA,CASSRPDGADEQYF,0
NA,CASSQGRITGYEQYF,0
NA,CASSYSPGRDYTGELFF,0
NA,CASSFGTSGPNEQFF,0
NA,CAISDLHSNYGYTF,0
NA,CASSLWRSGTGGVETQYF,0
NA,CASNAGPGSWNEQFF,0
NA,CASSLREYRRETQYF,0
NA,CASSWRQDRETQYF,0
NA,CASSRSTGDQETQYF,0
NA,CASSRTPRQDTDTQYF,0
NA,CASSSLAGGEQFF,0
NA,CASSLGVRQNTEAFF,0
NA,CASSQEGQGSGYTF,0
NA,CATSEQGEQYF,0
NA,CASSFRDRGLGTEAFF,0
NA,CASSPVLWEGLGEQYF,0
NA,CSVEQRGEQFF,0
NA,CASSLDLMTGHNQPQHF,0
NA,CASSASGGSNSPLHF,0
NA,CASSTRLAGGPHNEQFF,0
NA,CASGQGRRQPQHF,0
NA,CASSLFLAGVGNEQFF,0
NA,CASSPGGLPQFF,0
NA,CSARGARNTEAFF,0
NA,CASSLLGPPYNEQFF,0
NA,CASSWGPRDADTQYF,0
NA,CSVVTGNSYNEQFF,0
NA,CATSEGGGAMGYNEQFF,0
NA,CASSLGSAANVLTF,0
NA,CASRLGGAANNEQFF,0
NA,CASSPGLRDEQFF,0
NA,CASSFGLAVNNEQFF,0
NA,CSARDLGTDGTYEQYF,0
NA,CSVVQRGAYNEQFF,0
NA,CASSLVALTNSYNEQFF,0
NA,CASSPSTGDQETQYF,0
NA,CASSLLGGGNNEQFF,0
NA,CASSFLTADGEQFF,0
NA,CAIRAPFGTSANEQFF,0
NA,CASSPDPGGSYEQYF,0
NA,CASSLVGQGQEELFF,0
NA,CASSLASGGGGDTQYF,0
NA,CASSLGWNTEAFF,0
NA,CASSVQRGIGTDTQYF,0
NA,CASSQDPTGGQYEQYF,0
NA,CAPLTGISHTIYF,0
NA,CASSTWENNEQFF,0
NA,CASSSQGFDEKLFF,0
NA,CASSEAAAYGYTF,0
NA,CASSYSGAYYGYTF,0
NA,CASSRAGAYEQYF,0
NA,CASSFGVDEQFF,0
NA,CASSFWGGKNNEQFF,0
NA,CASSMNMGTGAGTGELFF,0
NA,CASSVVGVNEQFF,0
NA,CASSYFTGTPFNEQFF,0
NA,CASSEQTYEQYF,0
NA,CASSLGVGRSDEQYF,0
NA,CASSLGQDYNEQFF,0
NA,CASSLTGGMVGAFF,0
NA,CASSQVIGGDSPLHF,0
NA,CASSLGYLDEQYF,0
NA,CASSLTGGTEAFF,0
NA,CASSLGLQPQHF,0
NA,CASSQGTENTEAFF,0
NA,CASSFMEDEQFF,0
NA,CASSLVSEAFF,0
NA,CASSIVTRSGGDSYNEQFF,0
NA,CASSVLQGNTEAFF,0
NA,CASSDWGFNSNEQYF,0
NA,CAWSRSDRAAEGNTIYF,0
NA,CASTQGFTEAFF,0
NA,CASSVPREDTEAFF,0
NA,CASSFNGKNSPLHF,0
NA,CASSKGEAYGYTF,0
NA,CASRRWPGGVGETQYF,0
NA,CASSPSQGWTEAFF,0
NA,CSARPLARDKTYNSPLHF,0
NA,CASSFGGDTTYEQYF,0
NA,CSARPWGEATQYF,0
NA,CASSMGQATYEQYF,0
NA,CASSLRAFTDTQYF,0
NA,CASSETTFRAFF,0
NA,CASSFGYETQYF,0
NA,CASSEGQGADEQFF,0
NA,CASSLGLYEQYF,0
NA,CASSLAPDRAWEQYF,0
NA,CASSFSGPREQFF,0
NA,CARESGRTQAAYEQYF,0
NA,CASSPGVDTQYF,0
NA,CASSLGDSYEQYF,0
NA,CASSLFDRADNEQFF,0
NA,CASSLQGAWEQYF,0
NA,CASSAGVNEQYF,0
NA,CASSQGGEGWTQYF,0
NA,CAWSVKLTPRTDTQYF,0
NA,CASSVWDRGGTDTQYF,0
NA,CASSLNGAGQLQFF,0
NA,CASSRTESYNEQFF,0
NA,CSARDGGTEAFF,0
NA,CASSFVPGPWEAFF,0
NA,CASSFGTFEQFF,0
NA,CASSLAGSYTYGYTF,0
NA,CASTSLKAQEKLFF,0
NA,CASSFRLAGGTDTQYF,0
NA,CASSLGVYEQYF,0
NA,CASSSLAGGPDTQYF,0
NA,CASSLFPRGNEQFF,0
NA,CASSHVTGQGSIEQFF,0
NA,CASSEVDRRDQPQHF,0
NA,CASSQSQGHEQFF,0
NA,CASSLNGHNSPLHF,0
NA,CASRQDGGEQYF,0
NA,CASSESTSGLSLYNEQFF,0
NA,CASSLVDSTYEQYF,0
NA,CASSFNGRFSEAFF,0
NA,CASSQVHPGDTQYF,0
NA,CASSPFGLTTDTQYF,0
NA,CASSLLAGGPTGELFF,0
NA,CASSLGVMTYTDTQYF,0
NA,CASSEGTGGGGYGYTF,0
NA,CASATSTDTQYF,0
NA,CASSETAYEQYF,0
NA,CASSQGRGGNEQFF,0
NA,CASSYSRLDVTNEKLFF,0
NA,CASSLTTVRSGNEQFF,0
NA,CASSPGTASNYGYTF,0
NA,CASVLQTGNTIYF,0
NA,CASSLVEGKGTDTQYF,0
NA,CATSGRRPSPEQYF,0
NA,CASSLQGHEAFF,0
NA,CASSQLTGKKATNEKLFF,0
NA,CASSQAAGGNEQFF,0
NA,CASSWGYNEQFF,0
NA,CASSPTAGSDTEAFF,0
NA,CASSLFGDETDTQYF,0
NA,CASSFPPPIVSGDTQYF,0
NA,CASSVLAGEEFVKETQYF,0
NA,CASSSGELGYEQYF,0
NA,CASSPRQTRATDTQYF,0
NA,CASSYYWGQDPYGYTF,0
NA,CASSYQDRGYTQYF,0
NA,CASGTAEAFF,0
NA,CASSLGTLYPGGYTF,0
NA,CASSPIETDEQFF,0
NA,CASSLNLWAGNYNEQFF,0
NA,CASSLGTSTGELFF,0
NA,CASTHGGGSNEQYF,0
NA,CASSQEYGTNFYGYTF,0
NA,CASSLEDRGNNEQFF,0
NA,CATFSTDTQYF,0
NA,CASSKVGRGPHQETQYF,0
NA,CASSQVGGGFLDNEQFF,0
NA,CASAQRSGRVGNEQFF,0
NA,CASSQTVNTEAFF,0
NA,CASSQRAGQLVGQETQYF,0
NA,CATSAGDSYEQYF,0
NA,CASSLTTGGGYTF,0
NA,CASSQEPGQGLYEQYF,0
NA,CASSLGVHEQFF,0
NA,CASTWEGFGEQYF,0
NA,CASSLGLGEQYF,0
NA,CASSFSGLVDEQFF,0
NA,CASSTPSVAVGTGELFF,0
NA,CASSLGEGGSETQYF,0
NA,CASSLAVGETWELFF,0
NA,CATTSGGTITDTQYF,0
NA,CASSYSGHPYQETQYF,0
NA,CASSPSPASQETQYF,0
NA,CASSLNGGAQFF,0
NA,CASSLEQYYEQYF,0
NA,CASSLEVRVNTGELFF,0
NA,CASSFIGGYQPQHF,0
NA,CASSSGVFEQYF,0
NA,CASSNTGTPDTGELFF,0
NA,CASSQEGVRDTGELFF,0
NA,CASSLGDDTNQPQHF,0
NA,CASSLEDTSGGYNEQFF,0
NA,CASSPAGSTDTQYF,0
NA,CASSLGTVNEQFF,0
NA,CASSYSRLAGDGEQFF,0
NA,CASSLSDRGGYEQYF,0
NA,CASSQASETYEQYF,0
NA,CATSDGTGKTEQFF,0
NA,CAWSVLAYEQYF,0
NA,CASASGVKEQFF,0
NA,CASSLGPDYSYEQYF,0
NA,CASSYNGASREAFF,0
NA,CSVPSGGGYNEQFF,0
NA,CASSSGVETQYF,0
NA,CASSLLAGAYEQYF,0
NA,CASTGTTDTQYF,0
NA,CASSHPGPYNEQFF,0
NA,CASSFNGQGGYTF,0
NA,CASSKGERENTGELFF,0
NA,CASSLNGGTLHF,0
NA,CASSQEGDEQYF,0
NA,CATSTLGSLGNTEAFF,0
NA,CASSQAFLADNEQFF,0
NA,CASSLDRTVIYEQYF,0
NA,CASSLFGGSLVSDTQYF,0
NA,CASSLNGGRYGYTF,0
NA,CSARETEFEVAYEQYF,0
NA,CASSSGVTEAFF,0
NA,CASSLPGTGGHEQYF,0
NA,CASSLEPTNTEAFF,0
NA,CFDTFLAGVSYGQFF,0
NA,CASSLGVNEQFF,0
NA,CAWSVISHEQYF,0
NA,CASRVRDRGYEQYF,0
NA,CASSPLETGAYEQYF,0
NA,CASSLNGGHEQYF,0
NA,CASSLAGAYNEQFF,0
NA,CASSPGLYDDEQYF,0
NA,CASSQGVSQPQHF,0
NA,CASSRGLAGGKTYNEQFF,0
NA,CASSYSRSGLETQYF,0
NA,CASILNVLTF,0
NA,CASSLVGQGAENIQYF,0
NA,CASSPDLYGYTF,0
NA,CSVSPRGPGQPQHF,0
NA,CASSLSGGEQYF,0
NA,CASSQGASGRNEQFF,0
NA,CSAREANQPQHF,0
NA,CASSYSWENTGELFF,0
NA,CASSTGVETQYF,0
NA,CASSEGVAGEETQYF,0
NA,CASSLTDRGGHEQYF,0
NA,CASSHGVASRTEAFF,0
NA,CASSFGSEAFF,0
NA,CASTRTANSGDEQFF,0
NA,CASSQPSGKVRGTDTQYF,0
NA,CASSTTQGPGEQYF,0
NA,CASSVAYGPVYNEQFF,0
NA,CASNGQGAGWDNEQFF,0
NA,CASSIQGGTEAFF,0
NA,CASSQDPTGTGEYEQYF,0
NA,CASTYLGLAGGSKQFF,0
NA,CSASFQTRPSTDTQYF,0
NA,CASSEIDRSNQPQHF,0
NA,CASSSTGHTEAFF,0
NA,CSAKASGSIHEQFF,0
NA,CASSQVAETTYEQYF,0
NA,CASSFGMLVVDTEAFF,0
NA,CASSLGQEWPQHF,0
NA,CASAGLAVDEQFF,0
NA,CASSYGEAWEQYF,0
NA,CASSLPGEGKGYEQYF,0
NA,CASSLSGLYEQYF,0
NA,CASSPKLGRTNNEQFF,0
NA,CASCQGANYEQYF,0
NA,CASSQDNRGGLLEQYF,0
NA,CASSQVNGGHEQYF,0
NA,CASSLNGQGNEQYF,0
NA,CASSQAQGHEQFF,0
NA,CASSPGVETQYF,0
NA,CASSWRRFRKSNQPQHF,0
NA,CASSPITADTQYF,0
NA,CASSLKGTDTQYF,0
NA,CASSFGTFEQYF,0
NA,CASSSISYEQYF,0
NA,CASSLGTQGEVQPQHF,0
NA,CARSKSGGRAGEQYF,0
NA,CASSLNPLAGSNGELFF,0
NA,CASGRVAGHNEQFF,0
NA,CASSLGGGHYTGELFF,0
NA,CASNPGLAYEQYF,0
NA,CASRSPGQQHQETQYF,0
NA,CAWSVQGSRNTIYF,0
NA,CASSVWDSSYNEQFF,0
NA,CASSLGDRTYEQYF,0
NA,CASSYYVAGGQDEQFF,0
NA,CASSLAASYEQYF,0
NA,CASSYPTGQIYEQYF,0
NA,CASSFSLAGSRDTQYF,0
NA,CASSEVGITYNEQFF,0
NA,CASSQDLTDTPTDTQYF,0
NA,CASSVYEIILSTDTQYF,0
NA,CASSLRDTNTGELFF,0
NA,CASSQDERQGAYEQYF,0
NA,CASSPQGAAEAFF,0
NA,CASTQGADYGYTF,0
NA,CASSSLAGGPEEQFF,0
NA,CASSNPDGYEQYF,0
NA,CSPDLLTYNEQFF,0
NA,CSVDGPNTGELFF,0
NA,CASSSPPRSYEQYF,0
NA,CASSHNVDNEQFF,0
NA,CASSQGEGGWEQFF,0
NA,CASSSAPWTEDEKLFF,0
NA,CASSLSGKYEQYF,0
NA,CASSVDYGYTF,0
NA,CASSNRTSGSWGYEQYF,0
NA,CASSLFGGFLNEQYF,0
NA,CASSQVFPSGNTIYF,0
NA,CASSGIGSYNEQFF,0
NA,CASSSTGSGNTIYF,0
NA,CASSQVAGQGYGYTF,0
NA,CASTLGQTYEQYF,0
NA,CASRTGTPYEQYF,0
NA,CASSQAGAHEQYF,0
NA,CASSFRTTGELFF,0
NA,CASSDLAGSVNEQFF,0
NA,CASSSKPGTSSEETQYF,0
NA,CASSPIAGDTTRQYF,0
NA,CASSLPQGGSGELFF,0
NA,CASSQHVTGFEQYF,0
NA,CATMGQGVETQYF,0
NA,CASSVAVATYEQYF,0
NA,CASSSPGRNYGYTF,0
NA,CASSLASAYGYTF,0
NA,CASREDRVDPSNEQFF,0
NA,CASEDGVAKNIQYF,0
NA,CASSGMDEQFF,0
NA,CSVPVGGSYNEQFF,0
NA,CSVEWQGAVTGELFF,0
NA,CSAPRDLLTDTQYF,0
NA,CASSEPDSSYEQYF,0
NA,CASSQDPTGRGSYEQYF,0
NA,CAAGPNSYNEQFF,0
NA,CASSLAIAGGPDEQFF,0
NA,CASSQGTPPVYEQYF,0
NA,CASVWDNRPLNTEAFF,0
NA,CASSPQNHWNGETQYF,0
NA,CASMQGALYEQYF,0
NA,CASSGGPEQFF,0
NA,CASSSGLAGAQETQYF,0
NA,CASSELIRDGPKFAPYNEQFF,0
NA,CASSPLAATYEQYF,0
NA,CAAGALNEQFF,0
NA,CASTLMDGWPQHF,0
NA,CSAIDRSYEQYF,0
NA,CASSQVQGSPSTDTQYF,0
NA,CASSILAGAYEQYF,0
NA,CASSLGPDNSYEQYF,0
NA,CASSDLASAYNEQFF,0
NA,CASSVGRGLAGGYEQFF,0
NA,CASSRDFLAKNIQYF,0
NA,CASSQDYTIGGTRSYNEQFF,0
NA,CASGTGTGGYEQYF,0
NA,CATSDSPGPALDTQYF,0
NA,CASRLTGGEKLFF,0
NA,CASSLGELAGHEQFF,0
NA,CASSSRSGSANTGELFF,0
NA,CASSLEQSYEQYF,0
NA,CASSEEETSAWGSPLHF,0
NA,CASSLAEGWEQYF,0
NA,CASSSPERSSTDTQYF,0
NA,CSVTGGRYEQYF,0
NA,CANGQGDEQYF,0
NA,CASSLGQTNTGELFF,0
NA,CASSQAPAGQTQYF,0
NA,CASSQERTSGLATDTQYF,0
NA,CASSQYFQLNTEAFF,0
NA,CASSQSESSPSGNNEQFF,0
NA,CASSLEISYEQYF,0
NA,CASSLSGSPLHF,0
NA,CASSVGAGTYYEQYF,0
NA,CASSPPGGPLGEQYF,0
NA,CASSLGQGAWEQYF,0
NA,CASSLAQGHGYTF,0
NA,CASSLGLAYEQFF,0
NA,CASSRTTYEQYF,0
NA,CASSELQGAQAHADTQYF,0
NA,CASCQGFNYGYTF,0
NA,CASSLASAYEQYF,0
NA,CASSQVTGGWEQYF,0
NA,CASSTLTGGDTEAFF,0
NA,CASSLELFYEQYF,0
NA,CASSLGQGNQPQHF,0
NA,CSALPSGAVIGTGEQYF,0
NA,CASSLAPYYEQYF,0
NA,CASSLEVNYEQYF,0
NA,CASSLEWGYEQYF,0
NA,CASSLANSFEQYF,0
NA,CASSLEVAGGQETQYF,0
NA,CASSPKDSPYNEQFF,0
NA,CASSQVEGDHEQYF,0
NA,CASSQATGHEQFF,0
NA,CASSLGPDRAYEQYF,0
NA,CASRAPHWALHF,0
NA,CASSLNGGASDTQYF,0
NA,CASSQGGGAWEQYF,0
NA,CASSLEQGYEQYF,0
NA,CASSQGTLNTGELFF,0
NA,CASSLSVSYEQYF,0
NA,CASSPTTNSYEQYF,0
NA,CASSGLAGGGEQYF,0
NA,CASSSHTTGVGQDTQYF,0
NA,CASSLESGYEQYF,0
NA,CASSLERGQETQYF,0
NA,CASSLALEGWGFMTEAFF,0
NA,CASSQAGTGGREQYF,0
NA,CASSPMPGYSDTQYF,0
NA,CASSVGWADYEQYF,0
NA,CASSLGQGSYEQYF,0
NA,CASSQAGTGNTEAFF,0
NA,CASSLLSEAFF,0
NA,CASSLGDSHEQYF,0
NA,CASSRASVHEQYF,0
NA,CASSQDRGWGYTF,0
NA,CASSLSGGYNNEQFF,0
NA,CASSSPSLEQYF,0
NA,CASSLGQGTYEQYF,0
NA,CASSLGLAGSTDTQYF,0
NA,CASSQGPDSSYEQYF,0
NA,CASSLEFSYEQYF,0
NA,CSVDEGEAGELFF,0
NA,CASSLSVTYEQYF,0
NA,CASSFYSANSPLHF,0
NA,CASSQTGTNTGELFF,0
NA,CASSLRGDIMNTEAFF,0
NA,CSASSGDGWPQHF,0
NA,CASSPWLGVNTGELFF,0
NA,CASTSTLGGVTEAFF,0
NA,CASSLYPPGISSYNEQFF,0
NA,CASMVGTGTGIQYF,0
NA,CASSLGDRDDYGYTF,0
NA,CASSEEQADNEQFF,0
NA,CASTNRVTDTQYF,0
NA,CASSLNTGFTEAFF,0
NA,CASSLGQTSGNEQFF,0
NA,CAWSGGREYEQYF,0
NA,CASSHSTGREQYF,0
NA,CSVDRSGGNTGELFF,0
NA,CASRGTLGEQYF,0
NA,CASRPLAGSDTQYF,0
NA,CASSLEAKYEQYF,0
NA,CASSFDNRQGVNTEAFF,0
NA,CASSTLLGGNTEAFF,0
NA,CASSQPLAEAVFGADTQYF,0
NA,CASSLQGAYEQYF,0
NA,CASSQVDSGGDEQFF,0
NA,CASSLTADSNQPQHF,0
NA,CASRHDSPSTDTQYF,0
NA,CSATGQGGYQPQHF,0
NA,CASSQVRGLEQYF,0
NA,CATSDASGTGGTEAFF,0
NA,CASSLTEGHEQFF,0
NA,CASSPGVNTEAFF,0
NA,CASSLAGGTYEQYF,0
NA,CATLSDRGNEQYV,0
NA,CASSPGQGRTDTQYF,0
NA,CASTLAGLASSYEQYF,0
NA,CASSTGQGHYEQYF,0
NA,CASSSISSRASGLYEQYF,0
NA,CASTWTQGWMEETQYF,0
NA,CATATGSSNQPQHF,0
NA,CASSLEVTYEQYF,0
NA,CASSVGVSNYGYTF,0
NA,CASSEGQGYEQYF,0
NA,CASSLVWGGYTF,0
NA,CASSFGQGYEQYF,0
NA,CASSQDVAGAPTDTQYF,0
NA,CASSLISTDTQYF,0
NA,CASSVAETYEQYF,0
NA,CASSPNSNTEAFF,0
NA,CSAITGTTLFTDTQYF,0
NA,CSARGWASVGVEQFF,0
NA,CASSDRETDTQYF,0
NA,CSVEDGGEHYGYTF,0
NA,CASSLAAGAVEGQYF,0
NA,CAWTEGADRGSEQYF,0
NA,CASSLEITYEQYF,0
NA,CATSLEGAEQYF,0
NA,CASSPLGQIYEQYF,0
NA,CASSFFLGGDGYTF,0
NA,CASSQAQGHGYTF,0
NA,CASSLEAAYEQYF,0
NA,CASSGTTKQAVNGYTF,0
NA,CASSPGEAGYGYTF,0
NA,CASSLSRQAGANVLTF,0
NA,CASSLATAYEQYF,0
NA,CASSTGLAWEQYF,0
NA,CASGQGFNYGYTF,0
NA,CASSIGETYEQYF,0
NA,CASSFGGPSSYNEQFF,0
NA,CASSFFPTGATEAFF,0
NA,CASSLALAGSQETQYF,0
NA,CASSFAGRSTDTQYF,0
NA,CASSLYVGGGAEDTQYF,0
NA,CASSLEGTSGNEQFF,0
NA,CASNPGGFDQPQHF,0
NA,CASSQARAYEQYF,0
NA,CASSYRAFSAPNEQFF,0
NA,CASSQGQGWETQYF,0
NA,CASSEAQTYEQYF,0
NA,CASSQAQGYGYTF,0
NA,CASGPLDEDQETQYF,0
NA,CANIELQGWDQPQHF,0
NA,CASSYSFYGYTF,0
NA,CASSQASAHEQYF,0
NA,CASSLAGQYEQYF,0
NA,CASSQAQGNNYGYTF,0
NA,CASSASGTLNTEAFF,0
NA,CASSQAQGWGYTF,0
NA,CASNGGVGTEAFF,0
NA,CSATPAGAVNTDTQYF,0
NA,CASSVGWGDYEQYF,0
NA,CASSLAESHEQFF,0
NA,CASYLGGSNTEAFF,0
NA,CASSQGGGYEQYF,0
NA,CASSQGESHEQYF,0
NA,CASSLAQSYEQYF,0
NA,CSAARKGLASTDTQYF,0
NA,CASSQALGWGAFF,0
NA,CASSLLAGAFSNTGELFF,0
NA,CSVEMGADYGYTF,0
NA,CASSQEQAWEQYF,0
NA,CASGTSGTTFGELFF,0
NA,CASSQTGGAEAFF,0
NA,CASSEGQATYEQYF,0
NA,CASSLIYGNTEAFF,0
NA,CASSLVRDNYEQYF,0
NA,CASSVVQENQPQHF,0
NA,CASSSTGGIGETQYF,0
NA,CASSQALGGWEQYF,0
NA,CASSQAGGYEQYF,0
NA,CASSEDSSSYNEQFF,0
NA,CASSKVRTEGGNQPQHF,0
NA,CASRELASYTDTQYF,0
NA,CASSLKVSDTQYF,0
NA,CASSPDVRGPIYEQYF,0
NA,CASSLEQAWEQYF,0
NA,CSAPPAGQPSTDTQYF,0
NA,CSAGSKGQPSTDTQYF,0
NA,CASSLGPDSSYEQYF,0
NA,CASSLAQGHEQFF,0
NA,CASSRGLAYEQYF,0
NA,CASTLGEGWGAFF,0
NA,CASSLALAGSYNEQFF,0
NA,CASSLGTDTYEQYF,0
NA,CASSVTWGGPYNEQFF,0
NA,CASSFGGGTYEQYF,0
NA,CSARVGLAGVYEQYF,0
NA,CASSQAFGRTEKLFF,0
NA,CASSLREYEQYF,0
NA,CSATTGLVTDTQYF,0
NA,CSVEDSSVNEQFF,0
NA,CASSYSITGSEAFF,0
NA,CASSLAETYEQYF,0
NA,CASSQVTGFHEQYF,0
NA,CASSVGPGAWEQYF,0
NA,CASSQDRIGVLTEAFF,0
NA,CASSFRRIDEQFF,0
NA,CASSLGENHEQYF,0
NA,CASSLAGETYEQYF,0
NA,CSAWTSGGRVFNEQFF,0
NA,CSSPTGPTTDTQYF,0
NA,CASSLGLAGSYNEQFF,0
NA,CASSLIVASGGDEQFF,0
NA,CASSLAESYEQYF,0
NA,CASSQGQGGWEQYF,0
NA,CASSESGFSNTEAFF,0
NA,CASIQDEGVIGELFF,0
NA,CASSQVKGASSYEQYF,0
NA,CASTAWGNEKLFF,0
NA,CASSLEAGYGYTF,0
NA,CATAPGLSYEQYF,0
NA,CSATPERTVSTDTQYF,0
NA,CASSIVGGYYEQYF,0
NA,CASSLLPDRGEKLFF,0
NA,CATYLEGTGLANYGYTF,0
NA,CASSVAAGWEQYF,0
NA,CASSTSGVATDTQYF,0
NA,CASSVGQSYEQYF,0
NA,CASSEYVGTAYEQYF,0
NA,CASSLLVGETQYF,0
NA,CASSLVPSGNNYEQYV,0
NA,CASSLAQGWEQYF,0
NA,CASRSGRGSYNEQFF,0
NA,CASSQYPRDGTEAFF,0
NA,CASSRGQKGKGEQYV,0
NA,CATSEEQGPLDEQYF,0
NA,CASSLVQGGHEQYF,0
NA,CASSLYESNSPLHF,0
NA,CASSVEASGPPWNEQFF,0
NA,CASSLDRGPDEQYF,0
NA,CASSVGGGLTYEQYF,0
NA,CASSEYVGNTGELFF,0
NA,CASSPGPGTQYF,0
NA,CASGADTQYF,0
NA,CSVEWGQDYGYTF,0
NA,CASRITGVGTEAFF,0
NA,CASSEQTDYNSPLHF,0
NA,CSSGAANSYNEQFF,0
NA,CASSLSTSGSIETQYF,0
NA,CASTGLADNEQFF,0
NA,CSVEDSQGARTGELFF,0
NA,CASSTAGGYEQYF,0
NA,CASSHGENEQFF,0
NA,CSARPYGVEEYF,0
NA,CASSLFQATERPQHF,0
NA,CASSPGQPGNQPQHF,0
NA,CASSEESHEQYF,0
NA,CASSSGGGAIIEQYF,0
NA,CASSSSGLAGDGEQFF,0
NA,CSARDDRTGELFF,0
NA,CAWSVEDLEQYF,0
NA,CASSLDGIVGGTDTQYF,0
NA,CASNYRTGENTEAFF,0
NA,CASSFPAGGNTEAFF,0
NA,CASINRGENYGYTF,0
NA,CATKGGSYNEQFF,0
NA,CASTKPRLAITDTQYF,0
NA,CASSFGGSHPVDNEQFF,0
NA,CASSSAGEIADTQYF,0
NA,CASRTERLAPNNEQFF,0
NA,CASSLVGQRAFF,0
NA,CASNMGQGWSYNEQFF,0
NA,CASSLPPGLTDTQYF,0
NA,CASSPTSGGASTGEQFF,0
NA,CASSFLATTDTQYF,0
NA,CATQADGDEQYF,0
NA,CSVDGKGGDYGYTF,0
NA,CASSEAGAGNEQFF,0
NA,CASSLDGGDGYTF,0
NA,CASSRLAFDNEQFF,0
NA,CASSLVGLAGALLPTDTQYF,0
NA,CASRPRDSYNSPLHF,0
NA,CAGAEDSTDTQYF,0
NA,CASNPYGAGNTIYF,0
NA,CASSEYGPPDYTGELFF,0
NA,CASSSLGDETQYF,0
NA,CASSELAEMYNEQFF,0
NA,CASSDLVPSSGELFF,0
NA,CASIHPSGGGAGELFF,0
NA,CASSKVPRRSYNEQFF,0
NA,CASSPAGVFGEQYF,0
NA,CATTDRGDNEQFF,0
NA,CASSPDWSLTTYGYTF,0
NA,CASSPFQGLTDTQYF,0
NA,CAPIKGQGLTEAFF,0
NA,CATSRADGNQPQHF,0
NA,CASSYFFGVAGGEADTQYF,0
NA,CSARLGDLWYEQYF,0
NA,CSVGPGPSGGAKETQYF,0
NA,CASTARWEDTEAFF,0
NA,CAVAGESTDTQYF,0
NA,CASSSIHEQFF,0
NA,CASRTGEDGYTF,0
NA,CASIAGSTDTQYF,0
NA,CAWSVLDYEQYF,0
NA,CAWSEGGRETQYF,0
NA,CASSEGTSGGYNEQFF,0
NA,CASEGQVSYEQYF,0
NA,CASSSVGTTDTQYF,0
NA,CASSDTAPEATYEQYF,0
NA,CASSQQGVDLNYGYTF,0
NA,CASSYHIADSSYNEQFF,0
NA,CASSLSGWGEQFF,0
NA,CASSYGWSSYEQYV,0
NA,CASSPGLAGGHAGELFF,0
NA,CASSQTSGGALTDTQYF,0
NA,CASSYEQGVDTIYF,0
NA,CASSVTGGRTGELFF,0
NA,CASSLGATSRETQYF,0
NA,CAWTTSGGGDEQYF,0
NA,CASRPDRVPNEQFF,0
NA,CASGTGGSYSYEQYF,0
NA,CSARDISGFHYEQYF,0
NA,CASSFHTWTTDNSPLHF,0
NA,CASSVLSGGQPQHF,0
NA,CASSVAGHPSYEQYF,0
NA,CASPPVGGTRETQYF,0
NA,CSVEDLAVNTEAFF,0
NA,CASSGQGADYEQYF,0
NA,CASSYSGQGLSYEQYF,0
NA,CASSEIGTSGYNEQFF,0
NA,CAVGADTQYF,0
NA,CASSYGAEAFF,0
NA,CASSSQDLGYGYTF,0
NA,CASSLGEGGQETQYF,0
NA,CAWSGGAWETQYF,0
NA,CASSYSTSGGAYEQFF,0
NA,CAIAEDGNSYEQYF,0
NA,CASSPRHGDEQFF,0
NA,CASSLSGWETQYF,0
NA,CSVEDQGAATNTGELFF,0
NA,CASSLEVGLAGVFQETQYF,0
NA,CASSLSELFF,0
NA,CSAREGTSGTYEQYF,0
NA,CASTILGTQNEQFF,0
NA,CASSFGGWEGLFF,0
NA,CASSGLAGDEQYF,0
NA,CSAESEITYEQYF,0
NA,CASSLSPFGGLDQPQHF,0
NA,CASHSTRRATGELFF,0
NA,CASSTRLAGDTDTQYF,0
NA,CASSSDRVVPYNEQFF,0
NA,CASSYWASGPTNTGELFF,0
NA,CASSPLEGNEQFF,0
NA,CASEDRETSYEQYF,0
NA,CASRTSGGEQFF,0
NA,CASSYSRWQGAYEQYF,0
NA,CAITGSRVDTQYF,0
NA,CASSIVAGNEQFF,0
NA,CASRPSPGGQSTGELFF,0
NA,CAWTERFAGGSYEQYF,0
NA,CASRAQGSWTEAFF,0
NA,CASSLSGGEAFF,0
NA,CATSDYSGTGRETQYF,0
NA,CASSGSSDNEQFF,0
NA,CASSQGSGFTYEQYF,0
NA,CASSLEVVTDLVDEQYF,0
NA,CASSPMGWTESYEQYF,0
NA,CASSTRLAGYNEQFF,0
NA,CASSDTAIYQETQYF,0
NA,CASDVGQGIFYGYTF,0
NA,CASSEVGQGSTDTQYF,0
NA,CASSRGTAPNEQYF,0
NA,CASSGLLQNTGELFF,0
NA,CATSAGTGIFNEQFF,0
NA,CASSLFGGSTDTQYF,0
NA,CASSYSISGSYNEQFF,0
NA,CASSYLAGVDNEQFF,0
NA,CASSIASGAEQYF,0
NA,CASSYSISGLYNEQFF,0
NA,CASNPSGRNEKLFF,0
NA,CASSGLGEDTQYF,0
NA,CASSLDGITYEQYF,0
NA,CASSSPWSTDTQYF,0
NA,CASSSRTGDSLYGYTF,0
NA,CASAGTSGNEQFF,0
NA,CASSLRGDLGYEQYF,0
NA,CASSFPAGEREQFF,0
NA,CASSPLAGAPGEQFF,0
NA,CASSDVGVEQFF,0
NA,CAWIQPGQGIYEQYF,0
NA,CASSLEVDTQYF,0
NA,CATSDLSETGGGETQYF,0
NA,CSAPGEVGYNEQFF,0
NA,CATSDPVGAISTDTQYF,0
NA,CASSYGDGYNEQFF,0
NA,CAWSVTAEQYF,0
NA,CASSTIIFPRPQHF,0
NA,CASSLILVTGELFF,0
NA,CASSSVAYVGGGYEQYF,0
NA,CAWSAGALVAEQFF,0
NA,CANFRQGLTGELFF,0
NA,CASSSVTSVAFF,0
NA,CASSESGGVNTEAFF,0
NA,CAISLAVGRDGNSPLHF,0
NA,CASSLPFRVLGQPQHF,0
NA,CASSPQGGQPQHF,0
NA,CSAIGGGLSYEQYF,0
NA,CSARDEPSGVYEQYF,0
NA,CASSELAGLDTQYF,0
NA,CASSFRLSSYNEQFF,0
NA,CASNPSWEETQYF,0
NA,CASSPVPGLAAYNEQFF,0
NA,CASSFPDYNEQFF,0
NA,CASSPAGTGAYEQYF,0
NA,CASSLSLGATDTQYF,0
NA,CASSLNRWAANTGELFF,0
NA,CASTVGSETQYF,0
NA,CASSLSAGFGYTF,0
NA,CASSLTGQTDTQYF,0
NA,CASSLDVWETQYF,0
NA,CASSASGTEETQYF,0
NA,CASSEGTANTGELFF,0
NA,CASSLSGYQETQYF,0
NA,CASTPGPSYEQYF,0
NA,CASSLSGATDTQYF,0
NA,CASWKRGGRETQYF,0
NA,CASSSPGTGVWAQYF,0
NA,CASRQEVGSYEQYF,0
NA,CASSQTGVGALSYEQYF,0
NA,CASSQTGNTEAFF,0
NA,CASSQDSGVTDTQYF,0
NA,CASSLEAIQETQYF,0
NA,CATSDLEPGGSAGELFF,0
NA,CASTGGSYEQYF,0
NA,CASRIDGGVIYNSPLHF,0
NA,CASSASGGSNTDTQYF,0
NA,CASTGGWEQYF,0
NA,CASSVGAPANYGYTF,0
NA,CASSLSQAVSSYEQYF,0
NA,CASQTSGGTLDTQYF,0
NA,CASSQEPTPSSYNEQFF,0
NA,CASSESRGTDTQYF,0
NA,CASSFSWGYGSLYGYTF,0
NA,CASSWTSGGPNTGELFF,0
NA,CASSPRTGPYNEQFF,0
NA,CASSRGTGGTTDTQYF,0
NA,CASSTSGAGGYEQYF,0
NA,CASKPTGYSYNEQFF,0
NA,CASSPPPPDTQYF,0
NA,CASSHTSGAMNTGELFF,0
NA,CASSHVLGPQETQYF,0
NA,CAWSVVRGAEAFF,0
NA,CASSQEVSSGGAETQYF,0
NA,CASREDRGLGNGYTF,0
NA,CASSQGGGPSYEQYF,0
NA,CASSSTGAGYTEAFF,0
NA,CASSFTGMNTEAFF,0
NA,CAWKAAMNTEAFF,0
NA,CASSRTGGYNEQFF,0
NA,CAWSIAKNTEAFF,0
NA,CASSLIQGTDTQYF,0
NA,CASSFSLAGGSRFNEQFF,0
NA,CASSQDGPSAYNEQFF,0
NA,CASTKGGHTEAFF,0
NA,CASSQDIAPEQYF,0
NA,CASRLTSGGTNTQYF,0
NA,CASSPSRDSYNSPLHF,0
NA,CASSWTGWDEQFF,0
NA,CASSRTGMGQPQHF,0
NA,CAWSRTGVNEQFF,0
NA,CASSQEQNSNQPQHF,0
NA,CASSLDDLSYEQYF,0
NA,CASSQDPWTSGGADEQFF,0
NA,CATATGATEAFF,0
NA,CASSQDLGSSGNTIYF,0
NA,CASSLSGDSYNEQFF,0
NA,CASSSTGTEAYEQYF,0
NA,CASSIRDSWSEQYF,0
NA,CASSPHESGYTEAFF,0
NA,CASSQDPLASGGADTQYF,0
NA,CASSLGPPGQLYEQYF,0
NA,CASSAFIGQGSYEQYF,0
NA,CASSTQGNGELFF,0
NA,CASSQDYRSSGNTIYF,0
NA,CASSYGGNYGYTF,0
NA,CASSYRTGGPYEQYF,0
NA,CASRPTTGTGYEQYF,0
NA,CSARDRVMVDYEQYF,0
NA,CASSSGTPPETQYF,0
NA,CASSLTGANTYEQYF,0
NA,CASSLIGNSRTDTQYF,0
NA,CASSRTGYMVDTQYF,0
NA,CASSQDSGSSGNTIYF,0
NA,CASSLGQGDTEAFF,0
NA,CASSQEVTQITEAFF,0
NA,CASSQDSGTVYGYTF,0
NA,CASSWITGTGGADTQYF,0
NA,CASSQDGGAATETQYF,0
NA,CASSQDGVGAADTQYF,0
NA,CSAKDSQEVGYTF,0
NA,CASSYGGTYGYTF,0
NA,CASSQVARGSGRINEQYF,0
NA,CSVVGAGGLHTEAFF,0
NA,CASSVDQGSYNEQFF,0
NA,CASSPYGTGPYEQYF,0
NA,CASSPGRLNTEAFF,0
NA,CASSPSWDGYNSPLHF,0
NA,CASGYQPPGQGAYEQYF,0
NA,CASSLAYGTGELFF,0
NA,CASSQDPPAGFTDTQYF,0
NA,CASSLEGVSGGSGETQYF,0
NA,CASSQAAPGSPLHF,0
NA,CASRNWTGSYGYTF,0
NA,CASTHGPAGDEQYF,0
NA,CASSFRTGPTYEQYF,0
NA,CASSVAYPLAGGRLETQYF,0
NA,CASSEEVTGFNYEQYF,0
NA,CASSQERQYYEQYF,0
NA,CASNPGGPLHEQFF,0
NA,CASSLAGAAIIGYEQFF,0
NA,CASSYPLGYPEAFF,0
NA,CARSHRPTGMEGEKLFF,0
NA,CASSDRGYSNQPQHF,0
NA,CASSPQQGAFIYGYTF,0
NA,CASTPSSAAYNSPLHF,0
NA,CASSPVQSGEEDTDTQYF,0
NA,CASSLTGYDEQFF,0
NA,CASSPTAGQETQYF,0
NA,CASSPPSGEYNEQFF,0
NA,CASSYGPMPQHF,0
NA,CASSQDSFGTLEGLAGETQYF,0
NA,CASSLFARGHTEAFF,0
NA,CASSYGPSNNSPLHF,0
NA,CASSQDPVAGGFGDTQYF,0
NA,CASRIQSTDTQYF,0
NA,CASSNRDKDYEQYF,0
NA,CASSLSGMNYGYTF,0
NA,CASRQGASYEQYF,0
NA,CASSPSTGASTGELFF,0
NA,CAWSVVKVSQQFF,0
NA,CASSYSSGTEAFF,0
NA,CASSLSGARETQYF,0
NA,CSVLDKASYEQYF,0
NA,CASSQVTAHTEAFF,0
NA,CASSSTGTNEKLFF,0
NA,CASSQEVAGFMKQFF,0
NA,CASSLLAASYEQYF,0
NA,CASGNTGELFF,0
NA,CASSFEGGEQFF,0
NA,CATADRGYSNQPQHF,0
NA,CASSDLALGVNRGYNQPQHF,0
NA,CASSKRWGTGKEKLFF,0
NA,CASSFYRVMNTEAFF,0
NA,CASSLSWGNQPQHF,0
NA,CASSPTGGRGAYEQYF,0
NA,CASISASGDEKLFF,0
NA,CASSFGSSGTEAFF,0
NA,CASSSRGSGYGYTF,0
NA,CATTKEQGDYGYTF,0
NA,CASSEGEEGWYGNTIYF,0
NA,CASSVGLAGAGEQYF,0
NA,CASGRDYGYTF,0
NA,CASSQELGGLTYEQYF,0
NA,CASRDSRGSGDYEQYF,0
NA,CAINGEGPSYNEQFF,0
NA,CASSAGAPNTGELFF,0
NA,CASSLFRLDYNEQFF,0
NA,CASRVGRQLGEQFF,0
NA,CAISEEAGSYNEQFF,0
NA,CASSPLLAGAYNEQFF,0
NA,CASSLKLTSYNEQFF,0
NA,CASTVGSPNTGELFF,0
NA,CASSEGWTIEQFF,0
NA,CASSVGSSETYEQYF,0
NA,CSATDLAGGLYEQYF,0
NA,CASRRGSSNTGELFF,0
NA,CALFGQGSGELFF,0
NA,CASSASSAGTGELFF,0
NA,CASSFFSGGANEKLFF,0
NA,CASRPLAGGPNEQFF,0
NA,CASSVGSGSGNTIYF,0
NA,CASSLQGVYEQYF,0
NA,CASSPTGMYTEAFF,0
NA,CASSAVPPLVGGAFF,0
NA,CASSVTGADTGELFF,0
NA,CASSKALWGNTEAFF,0
NA,CASSFTGGGSGANVLTF,0
NA,CASSQASGVGNEQFF,0
NA,CASSLDIHNTEAFF,0
NA,CASSQDPPSGGADTQYF,0
NA,CASSTGLAGDEQYF,0
NA,CASSLSLAVSSYEQYF,0
NA,CASSQEASDLPYEQYF,0
NA,CASSQRLAGEFNEQFF,0
NA,CASSLGEALGWDTIYF,0
NA,CASSLRGHTEAFF,0
